Contents.json,C:\dev\flutter\dev\integration_tests\ios_app_with_extensions\ios\watch Extension\Preview Content\Preview Assets.xcassets\Contents.json,e3047866fde813ceb40daea67de82fb9b476e5531f397a3bb9a707d5cc782893
text_selection.dart,C:\dev\flutter\packages\flutter\lib\src\cupertino\text_selection.dart,bad5b5d792c0f7a3c84094a427b62ab112b7ea0d6b10c349aa9f517899a03805
rich_text.dart.expect,C:\dev\flutter\packages\flutter\test_fixes\widgets\rich_text.dart.expect,a6b8cfbd4893efc87d33ada1dd9e93e7de3b54240205b7f0ef3c247bcfb25912
pack-4d5320354475676d74fbb6dcc877359ec54fe52d.rev,C:\dev\flutter\.git\objects\pack\pack-4d5320354475676d74fbb6dcc877359ec54fe52d.rev,59bbfe4c865dbec9683cbf060da5684487fdc9ba37c09e2088dbcd3c193c9122
scrollbar.1_test.dart,C:\dev\flutter\examples\api\test\material\scrollbar\scrollbar.1_test.dart,2236dc99d87c1ab20d082406f6ac6f9b537a6cb37407b021f99f36d43df95d55
flutter_gallery_macos__start_up.dart,C:\dev\flutter\dev\devicelab\bin\tasks\flutter_gallery_macos__start_up.dart,c63651b6b08c65849bae5bb5bf375d269482b590a997913560692a65bc84f8da
running_processes_test.dart,C:\dev\flutter\dev\devicelab\test\running_processes_test.dart,3d9b1b2b842380c5f3b19540c063a2f2aae2aaddb856e75ba0b4713f2d69b7a5
stock_settings.dart,C:\dev\flutter\dev\benchmarks\test_apps\stocks\lib\stock_settings.dart,a39ffbd2908d488e298eff26323a054e5816cbbd7824a9dd786c3835d58bc937
wrap.png,C:\dev\flutter\bin\cache\dart-sdk\bin\resources\devtools\assets\icons\inspector\widget_icons\wrap.png,8347a84fb881e3568a998af3853ef5f534f58edd164bf5ae6fa9babb2d640b89
service_worker_test_cached_resources.dart,C:\dev\flutter\dev\integration_tests\web\lib\service_worker_test_cached_resources.dart,9bcdc28798e050a5c337e68c14832aa984559078efe58634367b1dc47ee97131
